thread,essai n°,time
2,1,.249660389
2,2,.201492472
2,3,.312670973
2,4,.290259476
2,5,.290543472
4,1,.686794567
4,2,.498474800
4,3,.619628078
4,4,.585965836
4,5,.626527925
8,1,2.440391189
8,2,2.601088598
8,3,1.806799443
8,4,2.327732762
8,5,1.518648927
16,1,5.637073580
16,2,5.416308608
16,3,7.850774180
16,4,5.411356900
16,5,7.712262164
32,1,13.656341466
32,2,15.352436937
32,3,15.612448490
32,4,16.429031456
32,5,11.071013927
