thread,essai n°,time
2,1,2.850890774
2,2,2.533305633
2,3,2.604590193
2,4,2.568926002
2,5,2.549778930
4,1,1.318766295
4,2,1.537590859
4,3,1.430108118
4,4,1.372639729
4,5,2.012742297
8,1,5.068824164
8,2,3.802502277
8,3,5.936446839
8,4,3.668834629
8,5,3.485750407
16,1,9.689086164
16,2,8.362824057
16,3,12.074501613
16,4,8.173778007
16,5,8.770179120
32,1,135.371762084
32,2,142.255954459
32,3,166.490309870
32,4,172.440183480
32,5,202.814105753
