thread,essai n°,time
2,1,1.384240043
2,2,.580424308
2,3,1.735690868
2,4,.826843989
2,5,.564229135
4,1,.390173243
4,2,.442691815
4,3,.513890589
4,4,.685576457
4,5,.755544219
8,1,1.231700400
8,2,1.584217239
8,3,1.075382704
8,4,1.780242379
8,5,3.378370789
16,1,3.073019479
16,2,4.548604581
16,3,3.612614400
16,4,7.113858642
16,5,6.889899269
32,1,14.635181108
32,2,21.138479781
32,3,21.401280276
32,4,27.553681780
32,5,11.704468326
