thread,essai n°,time
1,1,.552358688
1,2,.558996685
1,3,.552696704
1,4,.553814715
1,5,.563440697
2,1,.548135743
2,2,.555361735
2,3,.557105738
2,4,.561987739
2,5,.556539755
4,1,.575003729
4,2,.554931777
4,3,.567944761
4,4,.566282771
4,5,.576822757
8,1,.979192912
8,2,1.030612830
8,3,1.036448848
8,4,1.137972669
8,5,1.026138930
16,1,1.908593225
16,2,1.879854380
16,3,1.964566317
16,4,1.936128471
16,5,1.815716782
32,1,3.672295757
32,2,3.538420321
32,3,3.628172519
32,4,3.164817497
32,5,3.415510428
