thread,essai n°,time
1,1,.548941974
1,2,.547492971
1,3,.551628995
1,4,.552269005
1,5,.561455056
2,1,.561010060
2,2,.566255090
2,3,.567961104
2,4,.560787070
2,5,.553964035
4,1,.547507005
4,2,.573371149
4,3,.555249055
4,4,.551757038
4,5,.549917032
8,1,.973878379
8,2,.895433955
8,3,.974951407
8,4,1.019515666
8,5,.996894552
16,1,1.810440114
16,2,1.878611535
16,3,1.804373158
16,4,1.750514892
16,5,1.882578679
32,1,3.566191342
32,2,3.372972376
32,3,3.098556915
32,4,3.265274998
32,5,3.365656712
