thread,essai n°,time
1,1,.527355099
1,2,.527588107
1,3,.527585107
1,4,.526607107
1,5,.528420119
2,1,.537241175
2,2,.530624138
2,3,.534172163
2,4,.534337167
2,5,.535828179
4,1,.542593223
4,2,.538473201
4,3,.547511260
4,4,.541585225
4,5,.540584225
8,1,.882120269
8,2,.756175522
8,3,.732834389
8,4,.745358472
8,5,.757446549
16,1,1.318500933
16,2,1.226126395
16,3,1.220223378
16,4,1.243487534
16,5,1.178190154
32,1,2.450474928
32,2,2.356503418
32,3,2.489406295
32,4,2.424753964
32,5,2.507910542
