thread,essai n°,time
1,1,.533229317
1,2,.535722318
1,3,.533732330
1,4,.540294328
1,5,.534455342
2,1,.535791350
2,2,.541940346
2,3,.539021361
2,4,.498679412
2,5,.550780363
4,1,.548879368
4,2,.547485382
4,3,.552180380
4,4,.561214380
4,5,.550198400
8,1,.802356137
8,2,.903387048
8,3,.904612069
8,4,.925726069
8,5,.902334113
16,1,1.697860386
16,2,1.640718507
16,3,1.654139566
16,4,1.510777748
16,5,1.572278757
32,1,3.024144780
32,2,3.036569996
32,3,3.027935226
32,4,3.138800396
32,5,2.996008690
