thread,essai n°,time
2,1,2.360304964
2,2,2.355130354
2,3,2.345491077
2,4,2.351963396
2,5,2.358305910
4,1,1.198773932
4,2,1.210052952
4,3,1.298603756
4,4,1.201149000
4,5,1.200894792
8,1,1.216678173
8,2,1.220177274
8,3,1.230431530
8,4,1.224827983
8,5,1.251418528
16,1,1.247399307
16,2,1.239990976
16,3,1.241041210
16,4,1.260839109
16,5,1.260582312
32,1,1.209722341
32,2,1.264763485
32,3,1.234696334
32,4,1.241571309
32,5,1.238329642
